<?xml version="1.0" encoding="UTF-8"?>
<project-private xmlns="http://www.netbeans.org/ns/project-private/1">
    <editor-bookmarks xmlns="http://www.netbeans.org/ns/editor-bookmarks/2" lastBookmarkId="0"/>
    <open-files xmlns="http://www.netbeans.org/ns/projectui-open-files/2">
        <group>
            <file>file:/E:/matriales%20sana%202/HW4/src/hw4/Log_In.java</file>
            <file>file:/E:/matriales%20sana%202/HW4/src/hw4/Booking_System.java</file>
            <file>file:/E:/matriales%20sana%202/HW4/src/hw4/Playground_Registration.java</file>
            <file>file:/E:/matriales%20sana%202/HW4/src/hw4/Playground_Owner.java</file>
            <file>file:/E:/matriales%20sana%202/HW4/src/hw4/HW4.java</file>
            <file>file:/E:/matriales%20sana%202/HW4/src/hw4/Player.java</file>
            <file>file:/E:/matriales%20sana%202/HW4/src/hw4/Administrator.java</file>
            <file>file:/E:/matriales%20sana%202/HW4/src/hw4/E_Wallet.java</file>
        </group>
    </open-files>
</project-private>
